{
    "rmse": 0.7581594496381551,
    "mae": 0.6004120103746495,
    "r2": 0.21259486154023233
}