{
    "rmse": 0.6878939911538283,
    "mae": 0.5460483909136404,
    "r2": 0.2264765384762113
}